<metadata xml:lang="en"><Esri><CreaDate>20231222</CreaDate><CreaTime>11273600</CreaTime><ArcGISFormat>1.0</ArcGISFormat><SyncOnce>FALSE</SyncOnce><DataProperties><lineage><Process ToolSource="c:\program files\arcgis\pro\Resources\ArcToolbox\Toolboxes\Data Management Tools.tbx\CreateFeatureclass" Date="20231222" Time="112450">CreateFeatureclass G:\ER\ERPP\GSV\Systems\Projects\2023-2024\gsv0197_West_Central_fault_interp\programs\arcgispro\gsv0197_central_west_victoria_fault_interp.gdb central_west_victoria_fault Polyline # No No "GEOGCS["GCS_GDA_1994",DATUM["D_GDA_1994",SPHEROID["GRS_1980",6378137.0,298.257222101]],PRIMEM["Greenwich",0.0],UNIT["Degree",0.0174532925199433]];-400 -400 1000000000;-100000 10000;-100000 10000;8.98315284119521E-09;0.001;0.001;IsHighPrecision" # # # # "Central and western victorian faults" "Same as template"</Process><Process ToolSource="c:\program files\arcgis\pro\Resources\ArcToolbox\Toolboxes\Data Management Tools.tbx\UpdateSchema" Date="20231222" Time="112514">UpdateSchema G:\ER\ERPP\GSV\Systems\Projects\2023-2024\gsv0197_West_Central_fault_interp\programs\arcgispro\gsv0197_central_west_victoria_fault_interp.gdb\central_west_victoria_fault &lt;operationSequence&gt;&lt;workflow&gt;&lt;AddField&gt;&lt;field_name&gt;FAULT_NAME&lt;/field_name&gt;&lt;field_type&gt;TEXT&lt;/field_type&gt;&lt;field_alias&gt;FAULT_NAME&lt;/field_alias&gt;&lt;field_is_nullable&gt;TRUE&lt;/field_is_nullable&gt;&lt;field_length&gt;255&lt;/field_length&gt;&lt;/AddField&gt;&lt;/workflow&gt;&lt;workflow&gt;&lt;AddField&gt;&lt;field_name&gt;STRUCTURAL_ZONE_or_BASIN&lt;/field_name&gt;&lt;field_type&gt;TEXT&lt;/field_type&gt;&lt;field_alias&gt;STRUCTURAL_ZONE_OR_BASIN&lt;/field_alias&gt;&lt;field_is_nullable&gt;TRUE&lt;/field_is_nullable&gt;&lt;field_length&gt;255&lt;/field_length&gt;&lt;/AddField&gt;&lt;/workflow&gt;&lt;workflow&gt;&lt;AddField&gt;&lt;field_name&gt;FAULT_TYPE&lt;/field_name&gt;&lt;field_type&gt;TEXT&lt;/field_type&gt;&lt;field_alias&gt;FAULT_TYPE&lt;/field_alias&gt;&lt;field_is_nullable&gt;TRUE&lt;/field_is_nullable&gt;&lt;field_length&gt;255&lt;/field_length&gt;&lt;/AddField&gt;&lt;/workflow&gt;&lt;workflow&gt;&lt;AddField&gt;&lt;field_name&gt;MOVEMENT_SENSE_PRIMARY&lt;/field_name&gt;&lt;field_type&gt;TEXT&lt;/field_type&gt;&lt;field_alias&gt;MOVEMENT_SENSE_PRIMARY&lt;/field_alias&gt;&lt;field_is_nullable&gt;TRUE&lt;/field_is_nullable&gt;&lt;field_length&gt;255&lt;/field_length&gt;&lt;/AddField&gt;&lt;/workflow&gt;&lt;workflow&gt;&lt;AddField&gt;&lt;field_name&gt;MOVEMENT_SENSE_SECONDARY&lt;/field_name&gt;&lt;field_type&gt;TEXT&lt;/field_type&gt;&lt;field_alias&gt;MOVEMENT_SENSE_SECONDARY&lt;/field_alias&gt;&lt;field_is_nullable&gt;TRUE&lt;/field_is_nullable&gt;&lt;field_length&gt;255&lt;/field_length&gt;&lt;/AddField&gt;&lt;/workflow&gt;&lt;workflow&gt;&lt;AddField&gt;&lt;field_name&gt;EVENT_NAME&lt;/field_name&gt;&lt;field_type&gt;TEXT&lt;/field_type&gt;&lt;field_alias&gt;EVENT_NAME&lt;/field_alias&gt;&lt;field_is_nullable&gt;TRUE&lt;/field_is_nullable&gt;&lt;field_length&gt;255&lt;/field_length&gt;&lt;/AddField&gt;&lt;/workflow&gt;&lt;workflow&gt;&lt;AddField&gt;&lt;field_name&gt;INTERPRETATION_METHOD&lt;/field_name&gt;&lt;field_type&gt;TEXT&lt;/field_type&gt;&lt;field_alias&gt;INTERPRETATION_METHOD&lt;/field_alias&gt;&lt;field_is_nullable&gt;TRUE&lt;/field_is_nullable&gt;&lt;field_length&gt;255&lt;/field_length&gt;&lt;/AddField&gt;&lt;/workflow&gt;&lt;workflow&gt;&lt;AddField&gt;&lt;field_name&gt;COMMENTS&lt;/field_name&gt;&lt;field_type&gt;TEXT&lt;/field_type&gt;&lt;field_alias&gt;COMMENTS&lt;/field_alias&gt;&lt;field_is_nullable&gt;TRUE&lt;/field_is_nullable&gt;&lt;field_length&gt;255&lt;/field_length&gt;&lt;/AddField&gt;&lt;/workflow&gt;&lt;workflow&gt;&lt;AddField&gt;&lt;field_name&gt;SYMBOLCODE&lt;/field_name&gt;&lt;field_type&gt;TEXT&lt;/field_type&gt;&lt;field_alias&gt;SYMBOLCODE&lt;/field_alias&gt;&lt;field_is_nullable&gt;TRUE&lt;/field_is_nullable&gt;&lt;field_length&gt;255&lt;/field_length&gt;&lt;/AddField&gt;&lt;/workflow&gt;&lt;workflow&gt;&lt;AddField&gt;&lt;field_name&gt;EVENT_AGE&lt;/field_name&gt;&lt;field_type&gt;TEXT&lt;/field_type&gt;&lt;field_alias&gt;EVENT_AGE&lt;/field_alias&gt;&lt;field_is_nullable&gt;TRUE&lt;/field_is_nullable&gt;&lt;field_length&gt;255&lt;/field_length&gt;&lt;/AddField&gt;&lt;/workflow&gt;&lt;workflow&gt;&lt;AddField&gt;&lt;field_name&gt;FAULT_SIGNIFICANCE&lt;/field_name&gt;&lt;field_type&gt;TEXT&lt;/field_type&gt;&lt;field_alias&gt;FAULT_SIGNIFICANCE&lt;/field_alias&gt;&lt;field_is_nullable&gt;TRUE&lt;/field_is_nullable&gt;&lt;field_length&gt;255&lt;/field_length&gt;&lt;/AddField&gt;&lt;/workflow&gt;&lt;/operationSequence&gt;</Process><Process ToolSource="c:\program files\arcgis\pro\Resources\ArcToolbox\Toolboxes\Data Management Tools.tbx\UpdateSchema" Date="20231222" Time="112523">UpdateSchema G:\ER\ERPP\GSV\Systems\Projects\2023-2024\gsv0197_West_Central_fault_interp\programs\arcgispro\gsv0197_central_west_victoria_fault_interp.gdb\central_west_victoria_fault &lt;operationSequence&gt;&lt;workflow&gt;&lt;AlterField&gt;&lt;field_name&gt;OBJECTID&lt;/field_name&gt;&lt;field_alias&gt;OBJECTID&lt;/field_alias&gt;&lt;/AlterField&gt;&lt;/workflow&gt;&lt;workflow&gt;&lt;AlterField&gt;&lt;field_name&gt;SHAPE&lt;/field_name&gt;&lt;field_alias&gt;SHAPE&lt;/field_alias&gt;&lt;/AlterField&gt;&lt;/workflow&gt;&lt;/operationSequence&gt;</Process><Process ToolSource="c:\program files\arcgis\pro\Resources\ArcToolbox\toolboxes\Data Management Tools.tbx\Project" Date="20231222" Time="112750">Project "Central and western victorian faults" G:\ER\ERPP\GSV\Systems\Projects\2023-2024\gsv0197_West_Central_fault_interp\programs\arcgispro\gsv0197_central_west_victoria_fault_interp.gdb\central_west_victoria_fault_mga54 PROJCS["GDA_1994_MGA_Zone_54",GEOGCS["GCS_GDA_1994",DATUM["D_GDA_1994",SPHEROID["GRS_1980",6378137.0,298.257222101]],PRIMEM["Greenwich",0.0],UNIT["Degree",0.0174532925199433]],PROJECTION["Transverse_Mercator"],PARAMETER["False_Easting",500000.0],PARAMETER["False_Northing",10000000.0],PARAMETER["Central_Meridian",141.0],PARAMETER["Scale_Factor",0.9996],PARAMETER["Latitude_Of_Origin",0.0],UNIT["Meter",1.0]] # GEOGCS["GCS_GDA_1994",DATUM["D_GDA_1994",SPHEROID["GRS_1980",6378137.0,298.257222101]],PRIMEM["Greenwich",0.0],UNIT["Degree",0.0174532925199433]] NO_PRESERVE_SHAPE # NO_VERTICAL</Process><Process ToolSource="c:\program files\arcgis\pro\Resources\ArcToolbox\toolboxes\Data Management Tools.tbx\Append" Date="20231222" Time="113134">Append C_W_Victoria_Regional_Faults_V1 G:\ER\ERPP\GSV\Systems\Projects\2023-2024\gsv0197_West_Central_fault_interp\programs\arcgispro\gsv0197_central_west_victoria_fault_interp.gdb\central_west_victoria_fault_mga54 "Skip and warn if schema does not match" # # # # NOT_UPDATE_GEOMETRY</Process><Process ToolSource="c:\program files\arcgis\pro\Resources\ArcToolbox\toolboxes\Data Management Tools.tbx\Append" Date="20231222" Time="113417">Append C_W_Victoria_Regional_Faults_V1 G:\ER\ERPP\GSV\Systems\Projects\2023-2024\gsv0197_West_Central_fault_interp\programs\arcgispro\gsv0197_central_west_victoria_fault_interp.gdb\central_west_victoria_fault_mga54 "Use the field map to reconcile field differences" "FAULT_NAME "FAULT_NAME" true true false 255 Text 0 0,First,#,G:\ER\ERPP\GSV\Systems\Projects\2023-2024\gsv0197_West_Central_fault_interp\data\geodb\C-W_Victoria_Regional_Fault_Data_Package1\C_W_Victoria_Regional_Faults_V1_20231222.gdb\WEST_VIC_REGIONAL_FAULTS\C_W_Victoria_Regional_Faults_V1,FAULT_NAME,0,254;STRUCTURAL_ZONE_or_BASIN "STRUCTURAL_ZONE_OR_BASIN" true true false 255 Text 0 0,First,#,G:\ER\ERPP\GSV\Systems\Projects\2023-2024\gsv0197_West_Central_fault_interp\data\geodb\C-W_Victoria_Regional_Fault_Data_Package1\C_W_Victoria_Regional_Faults_V1_20231222.gdb\WEST_VIC_REGIONAL_FAULTS\C_W_Victoria_Regional_Faults_V1,STRUCTURAL_ZONE_or_BASIN,0,254;FAULT_TYPE "FAULT_TYPE" true true false 255 Text 0 0,First,#,G:\ER\ERPP\GSV\Systems\Projects\2023-2024\gsv0197_West_Central_fault_interp\data\geodb\C-W_Victoria_Regional_Fault_Data_Package1\C_W_Victoria_Regional_Faults_V1_20231222.gdb\WEST_VIC_REGIONAL_FAULTS\C_W_Victoria_Regional_Faults_V1,FAULT_TYPE,0,254;MOVEMENT_SENSE_PRIMARY "MOVEMENT_SENSE_PRIMARY" true true false 255 Text 0 0,First,#,G:\ER\ERPP\GSV\Systems\Projects\2023-2024\gsv0197_West_Central_fault_interp\data\geodb\C-W_Victoria_Regional_Fault_Data_Package1\C_W_Victoria_Regional_Faults_V1_20231222.gdb\WEST_VIC_REGIONAL_FAULTS\C_W_Victoria_Regional_Faults_V1,MOVEMENT_SENSE_PRIMARY,0,254;MOVEMENT_SENSE_SECONDARY "MOVEMENT_SENSE_SECONDARY" true true false 255 Text 0 0,First,#,G:\ER\ERPP\GSV\Systems\Projects\2023-2024\gsv0197_West_Central_fault_interp\data\geodb\C-W_Victoria_Regional_Fault_Data_Package1\C_W_Victoria_Regional_Faults_V1_20231222.gdb\WEST_VIC_REGIONAL_FAULTS\C_W_Victoria_Regional_Faults_V1,MOVEMENT_SENSE_SECONDARY,0,254;EVENT_NAME "EVENT_NAME" true true false 255 Text 0 0,First,#,G:\ER\ERPP\GSV\Systems\Projects\2023-2024\gsv0197_West_Central_fault_interp\data\geodb\C-W_Victoria_Regional_Fault_Data_Package1\C_W_Victoria_Regional_Faults_V1_20231222.gdb\WEST_VIC_REGIONAL_FAULTS\C_W_Victoria_Regional_Faults_V1,EVENT_NAME,0,254;INTERPRETATION_METHOD "INTERPRETATION_METHOD" true true false 255 Text 0 0,First,#,G:\ER\ERPP\GSV\Systems\Projects\2023-2024\gsv0197_West_Central_fault_interp\data\geodb\C-W_Victoria_Regional_Fault_Data_Package1\C_W_Victoria_Regional_Faults_V1_20231222.gdb\WEST_VIC_REGIONAL_FAULTS\C_W_Victoria_Regional_Faults_V1,INTERPRETATION_METHOD,0,254;COMMENTS "COMMENTS" true true false 255 Text 0 0,First,#,G:\ER\ERPP\GSV\Systems\Projects\2023-2024\gsv0197_West_Central_fault_interp\data\geodb\C-W_Victoria_Regional_Fault_Data_Package1\C_W_Victoria_Regional_Faults_V1_20231222.gdb\WEST_VIC_REGIONAL_FAULTS\C_W_Victoria_Regional_Faults_V1,COMMENTS,0,254;SYMBOLCODE "SYMBOLCODE" true true false 255 Text 0 0,First,#,G:\ER\ERPP\GSV\Systems\Projects\2023-2024\gsv0197_West_Central_fault_interp\data\geodb\C-W_Victoria_Regional_Fault_Data_Package1\C_W_Victoria_Regional_Faults_V1_20231222.gdb\WEST_VIC_REGIONAL_FAULTS\C_W_Victoria_Regional_Faults_V1,SYMBOLCODE,0,254;EVENT_AGE "EVENT_AGE" true true false 255 Text 0 0,First,#,G:\ER\ERPP\GSV\Systems\Projects\2023-2024\gsv0197_West_Central_fault_interp\data\geodb\C-W_Victoria_Regional_Fault_Data_Package1\C_W_Victoria_Regional_Faults_V1_20231222.gdb\WEST_VIC_REGIONAL_FAULTS\C_W_Victoria_Regional_Faults_V1,EVENT_AGE,0,254;FAULT_SIGNIFICANCE "FAULT_SIGNIFICANCE" true true false 255 Text 0 0,First,#,G:\ER\ERPP\GSV\Systems\Projects\2023-2024\gsv0197_West_Central_fault_interp\data\geodb\C-W_Victoria_Regional_Fault_Data_Package1\C_W_Victoria_Regional_Faults_V1_20231222.gdb\WEST_VIC_REGIONAL_FAULTS\C_W_Victoria_Regional_Faults_V1,FAULT_SIGNIFICANCE,0,254" # # # NOT_UPDATE_GEOMETRY</Process><Process ToolSource="c:\program files\arcgis\pro\Resources\ArcToolbox\toolboxes\Data Management Tools.tbx\MatchLayerSymbologyToAStyle" Date="20231222" Time="115005">MatchLayerSymbologyToAStyle central_west_victoria_fault_mga54 $feature.SYMBOLCODE GSV_Geology</Process><Process ToolSource="c:\program files\arcgis\pro\Resources\ArcToolbox\Toolboxes\Data Management Tools.tbx\AddIndex" Date="20240102" Time="094044">AddIndex "CIMDATA=&lt;CIMStandardDataConnection xsi:type='typens:CIMStandardDataConnection' xmlns:xsi='http://www.w3.org/2001/XMLSchema-instance' xmlns:xs='http://www.w3.org/2001/XMLSchema' xmlns:typens='http://www.esri.com/schemas/ArcGIS/3.2.0'&gt;&lt;WorkspaceConnectionString&gt;DATABASE=G:\ER\ERPP\GSV\Systems\Projects\2023-2024\gsv0197_West_Central_fault_interp\programs\arcgispro\gsv0197_central_west_victoria_fault_interp.gdb&lt;/WorkspaceConnectionString&gt;&lt;WorkspaceFactory&gt;FileGDB&lt;/WorkspaceFactory&gt;&lt;Dataset&gt;central_west_victoria_fault_mga54&lt;/Dataset&gt;&lt;DatasetType&gt;esriDTFeatureClass&lt;/DatasetType&gt;&lt;/CIMStandardDataConnection&gt;" FAULT_NAME FAULT_NAME NON_UNIQUE NON_ASCENDING</Process><Process ToolSource="c:\program files\arcgis\pro\Resources\ArcToolbox\toolboxes\Data Management Tools.tbx\RepairGeometry" Date="20240102" Time="100936">RepairGeometry central_west_victoria_fault_mga54 DELETE_NULL OGC</Process><Process ToolSource="c:\program files\arcgis\pro\Resources\ArcToolbox\toolboxes\Conversion Tools.tbx\ExportFeatures" Date="20240102" Time="111240">ExportFeatures central_west_victoria_fault_mga54 G:\ER\ERPP\GSV\Systems\Projects\2023-2024\gsv0197_West_Central_fault_interp\data\shape\gsv0197_central_west_victoria_fault_mga54.shp # NOT_USE_ALIAS "FAULT_NAME "FAULT_NAME" true true false 255 Text 0 0,First,#,central_west_victoria_fault_mga54,FAULT_NAME,0,254;FAULT_SIGN "FAULT_SIGNIFICANCE" true true false 255 Text 0 0,First,#,central_west_victoria_fault_mga54,FAULT_SIGNIFICANCE,0,254;STRUC_ZN "STRUCTURAL_ZONE_OR_BASIN" true true false 255 Text 0 0,First,#,central_west_victoria_fault_mga54,STRUCTURAL_ZONE_or_BASIN,0,254;FAULT_TYPE "FAULT_TYPE" true true false 255 Text 0 0,First,#,central_west_victoria_fault_mga54,FAULT_TYPE,0,254;MOVEMNT_P "MOVEMENT_SENSE_PRIMARY" true true false 255 Text 0 0,First,#,central_west_victoria_fault_mga54,MOVEMENT_SENSE_PRIMARY,0,254;MOVEMNT_S "MOVEMENT_SENSE_SECONDARY" true true false 255 Text 0 0,First,#,central_west_victoria_fault_mga54,MOVEMENT_SENSE_SECONDARY,0,254;EVENT_AGE "EVENT_AGE" true true false 255 Text 0 0,First,#,central_west_victoria_fault_mga54,EVENT_AGE,0,254;EVENT_NAME "EVENT_NAME" true true false 255 Text 0 0,First,#,central_west_victoria_fault_mga54,EVENT_NAME,0,254;SYMBOLCODE "SYMBOLCODE" true true false 255 Text 0 0,First,#,central_west_victoria_fault_mga54,SYMBOLCODE,0,254;INTERP_MET "INTERPRETATION_METHOD" true true false 255 Text 0 0,First,#,central_west_victoria_fault_mga54,INTERPRETATION_METHOD,0,254;COMMENTS "COMMENTS" true true false 255 Text 0 0,First,#,central_west_victoria_fault_mga54,COMMENTS,0,254;Shape_Length "Shape_Length" false true true 8 Double 0 0,First,#,central_west_victoria_fault_mga54,Shape_Length,-1,-1" #</Process></lineage><itemProps><itemLocation><linkage Sync="TRUE">file://\\Internal.vic.gov.au\Groupdata\ER\ERPP\GSV\Systems\Projects\2023-2024\gsv0197_West_Central_fault_interp\data\shape\gsv0197_central_west_victoria_fault_mga54.shp</linkage><protocol Sync="TRUE">Local Area Network</protocol></itemLocation><itemName Sync="TRUE">gsv0197_central_west_victoria_fault_mga54</itemName><imsContentType Sync="TRUE">002</imsContentType><itemSize Sync="TRUE">0.000</itemSize></itemProps><coordRef><type Sync="TRUE">Projected</type><geogcsn Sync="TRUE">GCS_GDA_1994</geogcsn><csUnits Sync="TRUE">Linear Unit: Meter (1.000000)</csUnits><projcsn Sync="TRUE">GDA_1994_MGA_Zone_54</projcsn><peXml Sync="TRUE">&lt;ProjectedCoordinateSystem xsi:type='typens:ProjectedCoordinateSystem' xmlns:xsi='http://www.w3.org/2001/XMLSchema-instance' xmlns:xs='http://www.w3.org/2001/XMLSchema' xmlns:typens='http://www.esri.com/schemas/ArcGIS/3.2.0'&gt;&lt;WKT&gt;PROJCS[&amp;quot;GDA_1994_MGA_Zone_54&amp;quot;,GEOGCS[&amp;quot;GCS_GDA_1994&amp;quot;,DATUM[&amp;quot;D_GDA_1994&amp;quot;,SPHEROID[&amp;quot;GRS_1980&amp;quot;,6378137.0,298.257222101]],PRIMEM[&amp;quot;Greenwich&amp;quot;,0.0],UNIT[&amp;quot;Degree&amp;quot;,0.0174532925199433]],PROJECTION[&amp;quot;Transverse_Mercator&amp;quot;],PARAMETER[&amp;quot;False_Easting&amp;quot;,500000.0],PARAMETER[&amp;quot;False_Northing&amp;quot;,10000000.0],PARAMETER[&amp;quot;Central_Meridian&amp;quot;,141.0],PARAMETER[&amp;quot;Scale_Factor&amp;quot;,0.9996],PARAMETER[&amp;quot;Latitude_Of_Origin&amp;quot;,0.0],UNIT[&amp;quot;Meter&amp;quot;,1.0],AUTHORITY[&amp;quot;EPSG&amp;quot;,28354]]&lt;/WKT&gt;&lt;XOrigin&gt;-5120900&lt;/XOrigin&gt;&lt;YOrigin&gt;1900&lt;/YOrigin&gt;&lt;XYScale&gt;450445547.3910538&lt;/XYScale&gt;&lt;ZOrigin&gt;-100000&lt;/ZOrigin&gt;&lt;ZScale&gt;10000&lt;/ZScale&gt;&lt;MOrigin&gt;-100000&lt;/MOrigin&gt;&lt;MScale&gt;10000&lt;/MScale&gt;&lt;XYTolerance&gt;0.001&lt;/XYTolerance&gt;&lt;ZTolerance&gt;0.001&lt;/ZTolerance&gt;&lt;MTolerance&gt;0.001&lt;/MTolerance&gt;&lt;HighPrecision&gt;true&lt;/HighPrecision&gt;&lt;WKID&gt;28354&lt;/WKID&gt;&lt;LatestWKID&gt;28354&lt;/LatestWKID&gt;&lt;/ProjectedCoordinateSystem&gt;</peXml></coordRef></DataProperties><SyncDate>20240102</SyncDate><SyncTime>11123900</SyncTime><ModDate>20240102</ModDate><ModTime>11123900</ModTime></Esri><dataIdInfo><envirDesc Sync="TRUE">Microsoft Windows 10 Version 10.0 (Build 19045) ; Esri ArcGIS 13.2.0.49743</envirDesc><dataLang><languageCode value="eng" Sync="TRUE"></languageCode><countryCode value="AUS" Sync="TRUE"></countryCode></dataLang><idCitation><resTitle Sync="TRUE">gsv0197_central_west_victoria_fault_mga54</resTitle><presForm><PresFormCd value="005" Sync="TRUE"></PresFormCd></presForm></idCitation><spatRpType><SpatRepTypCd value="001" Sync="TRUE"></SpatRepTypCd></spatRpType></dataIdInfo><mdLang><languageCode value="eng" Sync="TRUE"></languageCode><countryCode value="AUS" Sync="TRUE"></countryCode></mdLang><distInfo><distFormat><formatName Sync="TRUE">Shapefile</formatName></distFormat><distTranOps><transSize Sync="TRUE">0.000</transSize></distTranOps></distInfo><mdHrLv><ScopeCd value="005" Sync="TRUE"></ScopeCd></mdHrLv><mdHrLvName Sync="TRUE">dataset</mdHrLvName><refSysInfo><RefSystem><refSysID><identCode code="28354" Sync="TRUE"></identCode><idCodeSpace Sync="TRUE">EPSG</idCodeSpace><idVersion Sync="TRUE">2.1(3.0.1)</idVersion></refSysID></RefSystem></refSysInfo><spatRepInfo><VectSpatRep><geometObjs Name="gsv0197_central_west_victoria_fault_mga54"><geoObjTyp><GeoObjTypCd value="002" Sync="TRUE"></GeoObjTypCd></geoObjTyp><geoObjCnt Sync="TRUE">0</geoObjCnt></geometObjs><topLvl><TopoLevCd value="001" Sync="TRUE"></TopoLevCd></topLvl></VectSpatRep></spatRepInfo><spdoinfo><ptvctinf><esriterm Name="gsv0197_central_west_victoria_fault_mga54"><efeatyp Sync="TRUE">Simple</efeatyp><efeageom code="3" Sync="TRUE"></efeageom><esritopo Sync="TRUE">FALSE</esritopo><efeacnt Sync="TRUE">0</efeacnt><spindex Sync="TRUE">FALSE</spindex><linrefer Sync="TRUE">FALSE</linrefer></esriterm></ptvctinf></spdoinfo><eainfo><detailed Name="gsv0197_central_west_victoria_fault_mga54"><enttyp><enttypl Sync="TRUE">gsv0197_central_west_victoria_fault_mga54</enttypl><enttypt Sync="TRUE">Feature Class</enttypt><enttypc Sync="TRUE">0</enttypc></enttyp><attr><attrlabl Sync="TRUE">FID</attrlabl><attalias Sync="TRUE">FID</attalias><attrtype Sync="TRUE">OID</attrtype><attwidth Sync="TRUE">4</attwidth><atprecis Sync="TRUE">0</atprecis><attscale Sync="TRUE">0</attscale><attrdef Sync="TRUE">Internal feature number.</attrdef><attrdefs Sync="TRUE">Esri</attrdefs><attrdomv><udom Sync="TRUE">Sequential unique whole numbers that are automatically generated.</udom></attrdomv></attr><attr><attrlabl Sync="TRUE">Shape</attrlabl><attalias Sync="TRUE">Shape</attalias><attrtype Sync="TRUE">Geometry</attrtype><attwidth Sync="TRUE">0</attwidth><atprecis Sync="TRUE">0</atprecis><attscale Sync="TRUE">0</attscale><attrdef Sync="TRUE">Feature geometry.</attrdef><attrdefs Sync="TRUE">Esri</attrdefs><attrdomv><udom Sync="TRUE">Coordinates defining the features.</udom></attrdomv></attr><attr><attrlabl Sync="TRUE">FAULT_NAME</attrlabl><attalias Sync="TRUE">FAULT_NAME</attalias><attrtype Sync="TRUE">String</attrtype><attwidth Sync="TRUE">254</attwidth><atprecis Sync="TRUE">0</atprecis><attscale Sync="TRUE">0</attscale></attr><attr><attrlabl Sync="TRUE">FAULT_SIGN</attrlabl><attalias Sync="TRUE">FAULT_SIGN</attalias><attrtype Sync="TRUE">String</attrtype><attwidth Sync="TRUE">254</attwidth><atprecis Sync="TRUE">0</atprecis><attscale Sync="TRUE">0</attscale></attr><attr><attrlabl Sync="TRUE">STRUC_ZN</attrlabl><attalias Sync="TRUE">STRUC_ZN</attalias><attrtype Sync="TRUE">String</attrtype><attwidth Sync="TRUE">254</attwidth><atprecis Sync="TRUE">0</atprecis><attscale Sync="TRUE">0</attscale></attr><attr><attrlabl Sync="TRUE">FAULT_TYPE</attrlabl><attalias Sync="TRUE">FAULT_TYPE</attalias><attrtype Sync="TRUE">String</attrtype><attwidth Sync="TRUE">254</attwidth><atprecis Sync="TRUE">0</atprecis><attscale Sync="TRUE">0</attscale></attr><attr><attrlabl Sync="TRUE">MOVEMNT_P</attrlabl><attalias Sync="TRUE">MOVEMNT_P</attalias><attrtype Sync="TRUE">String</attrtype><attwidth Sync="TRUE">254</attwidth><atprecis Sync="TRUE">0</atprecis><attscale Sync="TRUE">0</attscale></attr><attr><attrlabl Sync="TRUE">MOVEMNT_S</attrlabl><attalias Sync="TRUE">MOVEMNT_S</attalias><attrtype Sync="TRUE">String</attrtype><attwidth Sync="TRUE">254</attwidth><atprecis Sync="TRUE">0</atprecis><attscale Sync="TRUE">0</attscale></attr><attr><attrlabl Sync="TRUE">EVENT_AGE</attrlabl><attalias Sync="TRUE">EVENT_AGE</attalias><attrtype Sync="TRUE">String</attrtype><attwidth Sync="TRUE">254</attwidth><atprecis Sync="TRUE">0</atprecis><attscale Sync="TRUE">0</attscale></attr><attr><attrlabl Sync="TRUE">EVENT_NAME</attrlabl><attalias Sync="TRUE">EVENT_NAME</attalias><attrtype Sync="TRUE">String</attrtype><attwidth Sync="TRUE">254</attwidth><atprecis Sync="TRUE">0</atprecis><attscale Sync="TRUE">0</attscale></attr><attr><attrlabl Sync="TRUE">SYMBOLCODE</attrlabl><attalias Sync="TRUE">SYMBOLCODE</attalias><attrtype Sync="TRUE">String</attrtype><attwidth Sync="TRUE">254</attwidth><atprecis Sync="TRUE">0</atprecis><attscale Sync="TRUE">0</attscale></attr><attr><attrlabl Sync="TRUE">INTERP_MET</attrlabl><attalias Sync="TRUE">INTERP_MET</attalias><attrtype Sync="TRUE">String</attrtype><attwidth Sync="TRUE">254</attwidth><atprecis Sync="TRUE">0</atprecis><attscale Sync="TRUE">0</attscale></attr><attr><attrlabl Sync="TRUE">COMMENTS</attrlabl><attalias Sync="TRUE">COMMENTS</attalias><attrtype Sync="TRUE">String</attrtype><attwidth Sync="TRUE">254</attwidth><atprecis Sync="TRUE">0</atprecis><attscale Sync="TRUE">0</attscale></attr><attr><attrlabl Sync="TRUE">Shape_Leng</attrlabl><attalias Sync="TRUE">Shape_Leng</attalias><attrtype Sync="TRUE">Double</attrtype><attwidth Sync="TRUE">19</attwidth><atprecis Sync="TRUE">0</atprecis><attscale Sync="TRUE">0</attscale></attr></detailed></eainfo><mdDateSt Sync="TRUE">20240102</mdDateSt></metadata>
